{
  "Cavite": {
    "code": "0421",
    "cities": {
      "Cavite City": {
        "code": "042101",
        "zipCode": "4100",
        "barangays": [
          "Barangay 1", "Barangay 2", "Barangay 3", "Barangay 4", "Barangay 5",
          "Barangay 6", "Barangay 7", "Barangay 8", "Barangay 9", "Barangay 10",
          "Barangay 11", "Barangay 12", "Barangay 13", "Barangay 14", "Barangay 15",
          "Barangay 16", "Barangay 17", "Barangay 18", "Barangay 19", "Barangay 20",
          "Barangay 21", "Barangay 22", "Barangay 23", "Barangay 24", "Barangay 25",
          "Barangay 26", "Barangay 27", "Barangay 28", "Barangay 29", "Barangay 30",
          "Barangay 31", "Barangay 32", "Barangay 33", "Barangay 34", "Barangay 35",
          "Barangay 36", "Barangay 37", "Barangay 38", "Barangay 39", "Barangay 40",
          "Barangay 41", "Barangay 42", "Barangay 43", "Barangay 44", "Barangay 45",
          "Barangay 46", "Barangay 47", "Barangay 48", "Barangay 49", "Barangay 50",
          "Barangay 51", "Barangay 52", "Barangay 53", "Barangay 54", "Barangay 55",
          "Barangay 56", "Barangay 57", "Barangay 58", "Barangay 59", "Barangay 60",
          "Barangay 61", "Barangay 62", "Barangay 63", "Barangay 64", "Barangay 65",
          "Barangay 66", "Barangay 67", "Barangay 68", "Barangay 69", "Barangay 70",
          "Barangay 71", "Barangay 72", "Barangay 73", "Barangay 74", "Barangay 75",
          "Barangay 76", "Barangay 77", "Barangay 78", "Barangay 79", "Barangay 80",
          "Barangay 81", "Barangay 82", "Barangay 83", "Barangay 84"
        ]
      },
      "Bacoor": {
        "code": "042103",
        "zipCode": "4102",
        "barangays": [
          "Alima", "Aniban I", "Aniban II", "Aniban III", "Aniban IV", "Aniban V",
          "Banalo", "Bayanan", "Daang Bukid", "Digman", "Dulong Bayan", "Grosco",
          "Habay I", "Habay II", "Kaingin", "Ligas I", "Ligas II", "Ligas III",
          "Mabolo I", "Mabolo II", "Mabolo III", "Maliksi I", "Maliksi II", "Maliksi III",
          "Molino I", "Molino II", "Molino III", "Molino IV", "Molino V", "Molino VI",
          "Molino VII", "Niog I", "Niog II", "Niog III", "Panapaan I", "Panapaan II",
          "Panapaan III", "Panapaan IV", "Panapaan V", "Panapaan VI", "Panapaan VII",
          "Panapaan VIII", "Queen's Row Central", "Queen's Row East", "Queen's Row West",
          "Real I", "Real II", "Salinas I", "Salinas II", "Salinas III", "Salinas IV",
          "San Nicolas I", "San Nicolas II", "San Nicolas III", "Springville", "Tabing Dagat",
          "Talaba I", "Talaba II", "Talaba III", "Talaba IV", "Talaba V", "Talaba VI",
          "Talaba VII", "Zapote I", "Zapote II", "Zapote III", "Zapote IV", "Zapote V"
        ]
      },
      "Dasmariñas": {
        "code": "042107",
        "zipCode": "4114",
        "barangays": [
          "Bagong Bayan", "Burol", "Brookside", "Bucal", "Buenavista I", "Buenavista II",
          "Buenavista III", "Caawigan", "Cabilang Baybay", "Changco", "Dalisay",
          "Fatima I", "Fatima II", "Fatima III", "H-2", "Hungkag", "Ibayo-Estacion",
          "Ibayo-Silangan", "Langkaan I", "Langkaan II", "Luzviminda", "Malinta",
          "Marycris", "Nancaan", "Paliparan I", "Paliparan II", "Paliparan III",
          "Paradahan", "Poblacion I", "Poblacion II", "Poblacion III", "Poblacion IV",
          "Sabang", "Salawag", "Sampaloc I", "Sampaloc II", "Sampaloc III", "Sampaloc IV",
          "San Agustin I", "San Agustin II", "San Agustin III", "San Dionisio",
          "San Jose", "San Lorenzo", "San Miguel", "San Simon I", "San Simon II",
          "Santa Clara", "Santa Cruz I", "Santa Cruz II", "Santa Fe", "Santa Lucia",
          "Santolan", "Santo Cristo", "Talon I", "Talon II", "Talon III", "Talon IV",
          "Talon V", "Tambo", "Victoria Reyes", "Zone I", "Zone II", "Zone III", "Zone IV"
        ]
      },
      "General Trias": {
        "code": "042111",
        "zipCode": "4107",
        "barangays": [
          "Alingaro", "Arnaldo Poblacion", "Bacao I", "Bacao II", "Bagumbayan Poblacion",
          "Biclatan", "Buenavista I", "Buenavista II", "Buenavista III", "Corregidor Poblacion",
          "Dulong Bayan Poblacion", "Gov. Ferrer Poblacion", "Javalera", "Manggahan",
          "Navarro", "Ninety Six", "Panungyanan", "Pasong Camachile I", "Pasong Camachile II",
          "Pasong Kawayan I", "Pasong Kawayan II", "Pinagtipunan", "Poblacion",
          "Prinza Poblacion", "Sampalucan Poblacion", "San Francisco", "San Gabriel Poblacion",
          "San Juan I", "San Juan II", "Santa Clara", "Santiago", "Tapia", "Tejero",
          "Vibora Poblacion"
        ]
      },
      "Imus": {
        "code": "042108",
        "zipCode": "4103",
        "barangays": [
          "Alapan I-A", "Alapan I-B", "Alapan I-C", "Alapan II-A", "Alapan II-B",
          "Anabu I-A", "Anabu I-B", "Anabu I-C", "Anabu I-D", "Anabu I-E", "Anabu I-F",
          "Anabu I-G", "Anabu I-H", "Anabu I-I", "Anabu I-J", "Anabu II-A", "Anabu II-B",
          "Anabu II-C", "Anabu II-D", "Anabu II-E", "Anabu II-F", "Bayan Luma I",
          "Bayan Luma II", "Bayan Luma III", "Bayan Luma IV", "Bayan Luma IX",
          "Bayan Luma V", "Bayan Luma VI", "Bayan Luma VII", "Bayan Luma VIII",
          "Bucandala I", "Bucandala II", "Bucandala III", "Bucandala IV", "Bucandala V",
          "Buhay na Tubig", "Carsadang Bago I", "Carsadang Bago II", "Magdalo",
          "Maharlika", "Malagasang I-A", "Malagasang I-B", "Malagasang I-C", "Malagasang I-D",
          "Malagasang I-E", "Malagasang I-F", "Malagasang I-G", "Malagasang II-A",
          "Malagasang II-B", "Malagasang II-C", "Malagasang II-D", "Malagasang II-E",
          "Malagasang II-F", "Malagasang II-G", "Malagasang II-H", "Mariano Espeleta I",
          "Mariano Espeleta II", "Mariano Espeleta III", "Medicion I-A", "Medicion I-B",
          "Medicion I-C", "Medicion I-D", "Medicion II-A", "Medicion II-B", "Medicion II-C",
          "Medicion II-D", "Medicion II-E", "Medicion II-F", "Pag-asa I", "Pag-asa II",
          "Pag-asa III", "Palico I", "Palico II", "Palico III", "Palico IV", "Poblacion I-A",
          "Poblacion I-B", "Poblacion I-C", "Poblacion II-A", "Poblacion II-B",
          "Poblacion III-A", "Poblacion III-B", "Poblacion IV-A", "Poblacion IV-B",
          "Poblacion IV-C", "Tanzang Luma I", "Tanzang Luma II", "Tanzang Luma III",
          "Tanzang Luma IV", "Tanzang Luma V", "Tanzang Luma VI", "Toclong I-A",
          "Toclong I-B", "Toclong I-C", "Toclong II-A", "Toclong II-B"
        ]
      },
      "Tagaytay": {
        "code": "042122",
        "zipCode": "4120",
        "barangays": [
          "Asisan", "Bagong Tubig", "Budukan", "Calabuso", "Dapdap East", "Dapdap West",
          "Francisco", "Guinhawa North", "Guinhawa South", "Iruhin Central", "Iruhin East",
          "Iruhin South", "Iruhin West", "Kaybagal Central", "Kaybagal North", "Kaybagal South",
          "Mag-asawang Ilat", "Maharlika East", "Maharlika West", "Mendez Crossing East",
          "Mendez Crossing West", "Maitim 2nd Central", "Maitim 2nd East", "Maitim 2nd West",
          "Neogan", "Patutong Malaki North", "Patutong Malaki South", "Sambong",
          "San Jose", "Sungay East", "Sungay West", "Tolentino East", "Tolentino West",
          "Zambal"
        ]
      },
      "Trece Martires": {
        "code": "042123",
        "zipCode": "4109",
        "barangays": [
          "Aguado", "Cabezas", "Cabuco", "Canumpang", "Conchu", "De Ocampo", "Gregorio",
          "Hugo Perez", "Inocencio", "Lapidario", "Lallana", "Luciano", "Perez",
          "Quintero", "San Agustin"
        ]
      },
      "Alfonso": {
        "code": "042102",
        "zipCode": "4123",
        "barangays": [
          "Barangay I (Pob.)", "Barangay II (Pob.)", "Barangay III (Pob.)",
          "Barangay IV (Pob.)", "Barangay V (Pob.)", "Barangay VI (Pob.)",
          "Barangay VII (Pob.)", "Barangay VIII (Pob.)", "Barangay IX (Pob.)",
          "Barangay X (Pob.)", "Barangay XI (Pob.)", "Barangay XII (Pob.)",
          "Barangay XIII (Pob.)", "Barangay XIV (Pob.)", "Barangay XV (Pob.)",
          "Barangay XVI (Pob.)", "Barangay XVII (Pob.)", "Barangay XVIII (Pob.)",
          "Luksuhin Malaki", "Luksuhin Munti", "Marahan", "Pajo", "Sikat", "Sulsugin",
          "Talon", "Upli"
        ]
      },
      "Amadeo": {
        "code": "042104",
        "zipCode": "4119",
        "barangays": [
          "Barangay I (Pob.)", "Barangay II (Pob.)", "Barangay III (Pob.)",
          "Barangay IV (Pob.)", "Barangay V (Pob.)", "Barangay VI (Pob.)",
          "Barangay VII (Pob.)", "Barangay VIII (Pob.)", "Barangay IX (Pob.)",
          "Barangay X (Pob.)", "Barangay XI (Pob.)", "Barangay XII (Pob.)",
          "Barangay XIII (Pob.)", "Barangay XIV (Pob.)", "Barangay XV (Pob.)",
          "Barangay XVI (Pob.)", "Barangay XVII (Pob.)", "Barangay XVIII (Pob.)",
          "Barangay XIX (Pob.)", "Barangay XX (Pob.)", "Barangay XXI (Pob.)",
          "Barangay XXII (Pob.)", "Barangay XXIII (Pob.)", "Halang", "Loma", "Miga",
          "Pangil", "Salaban"
        ]
      },
      "Carmona": {
        "code": "042105",
        "zipCode": "4116",
        "barangays": [
          "Barangay 1", "Barangay 2", "Barangay 3", "Barangay 4", "Barangay 5",
          "Barangay 6", "Barangay 7", "Barangay 8", "Barangay 9", "Barangay 10",
          "Barangay 11", "Barangay 12", "Barangay 13", "Barangay 14", "Barangay 15",
          "Barangay 16", "Barangay 17", "Barangay 18", "Barangay 19", "Barangay 20",
          "Barangay 21", "Barangay 22", "Barangay 23", "Barangay 24", "Barangay 25",
          "Barangay 26", "Barangay 27", "Barangay 28", "Barangay 29", "Barangay 30",
          "Barangay 31", "Barangay 32", "Barangay 33", "Barangay 34", "Barangay 35",
          "Barangay 36", "Barangay 37"
        ]
      },
      "General Emilio Aguinaldo": {
        "code": "042110",
        "zipCode": "4124",
        "barangays": [
          "A. Dalusag (Pob.)", "Balmori (Pob.)", "Castanos Cerca (Pob.)",
          "Castanos Lejos (Pob.)", "Kabulusan", "Kaingen", "Kaysuyo", "Lumipa",
          "Narvaez (Pob.)", "Talon", "Wawa"
        ]
      },
      "General Mariano Alvarez": {
        "code": "042112",
        "zipCode": "4117",
        "barangays": [
          "Barangay I (Poblacion)", "Barangay II (Poblacion)", "Barangay III (Poblacion)",
          "Barangay IV (Poblacion)", "Barangay V (Poblacion)", "Barangay VI (Poblacion)",
          "Barangay VII (Poblacion)", "Barangay VIII (Poblacion)", "Barangay IX (Poblacion)",
          "Barangay X (Poblacion)", "Barangay XI (Poblacion)", "Barangay XII (Poblacion)",
          "Barangay XIII (Poblacion)", "Barangay XIV (Poblacion)", "Barangay XV (Poblacion)",
          "Barangay XVI (Poblacion)", "Barangay XVII (Poblacion)", "Barangay XVIII (Poblacion)",
          "Barangay XIX (Poblacion)", "Barangay XX (Poblacion)", "Barangay XXI (Poblacion)",
          "Barangay XXII (Poblacion)", "Barangay XXIII (Poblacion)", "Barangay XXIV (Poblacion)",
          "Barangay XXV (Poblacion)", "Barangay XXVI (Poblacion)", "Barangay XXVII (Poblacion)",
          "Barangay XXVIII (Poblacion)", "Barangay XXIX (Poblacion)", "Barangay XXX (Poblacion)",
          "Flores", "Gavino Maderan", "Langkaan", "Poblacion", "Salitran"
        ]
      },
      "Indang": {
        "code": "042113",
        "zipCode": "4122",
        "barangays": [
          "Alulod", "Banaba Cerca", "Banaba Lejos", "Buna Cerca", "Buna Lejos I",
          "Buna Lejos II", "Calumpang Cerca", "Calumpang Lejos I", "Calumpang Lejos II",
          "Kaytapos", "Limbon", "Luma", "Mahabangkahoy Cerca", "Mahabangkahoy Lejos",
          "Pook ni Banal", "Poblacion I", "Poblacion II", "Poblacion III", "Tambo Kulit",
          "Tambo Malaki", "Tambo Munti"
        ]
      },
      "Kawit": {
        "code": "042114",
        "zipCode": "4104",
        "barangays": [
          "Binakayan-Kanluran", "Binakayan-Silangan", "Congbalay", "Gahak",
          "Kaingen", "Magdalo", "Manggahan", "Panamitan", "Poblacion",
          "Pulvorista", "Putol", "San Sebastian", "Santa Isabel", "Tabon I",
          "Tabon II", "Tabon III", "Toclong", "Wakas I", "Wakas II"
        ]
      },
      "Magallanes": {
        "code": "042115",
        "zipCode": "4113",
        "barangays": [
          "Barangay I (Pob.)", "Barangay II (Pob.)", "Barangay III (Pob.)",
          "Barangay IV (Pob.)", "Barangay V (Pob.)", "Barangay VI (Pob.)",
          "Barangay VII (Pob.)", "Bendita I", "Bendita II", "Medina",
          "San Marcos", "Ternate"
        ]
      },
      "Maragondon": {
        "code": "042116",
        "zipCode": "4112",
        "barangays": [
          "Barangay I (Pob.)", "Barangay II (Pob.)", "Barangay III (Pob.)",
          "Barangay IV (Pob.)", "Barangay V (Pob.)", "Barangay VI (Pob.)",
          "Barangay VII (Pob.)", "Barangay VIII (Pob.)", "Barangay IX (Pob.)",
          "Barangay X (Pob.)", "Bucana Malaki", "Bucana Sasahan", "Caingin-Santa Rosa",
          "Patungan", "Talipusngo", "Tabon"
        ]
      },
      "Mendez (Mendez-Nuñez)": {
        "code": "042117",
        "zipCode": "4121",
        "barangays": [
          "Asis I", "Asis II", "Asis III", "Banaba", "Galicia I", "Galicia II",
          "Miguel Mojica", "Panducan", "Pantat I", "Pantat II", "Poblacion I",
          "Poblacion II", "Poblacion III", "Poblacion IV", "Poblacion V"
        ]
      },
      "Naic": {
        "code": "042118",
        "zipCode": "4110",
        "barangays": [
          "Bagong Kalsada", "Balsahan", "Bancaan", "Bucana", "Capt. C. Nazareno (Pob.)",
          "Gomez-Zamora (Pob.)", "Halang", "Hibang", "Hugo Perez", "Ibayo-Estacion",
          "Labac", "Latag", "Mabolo", "Molino", "Mulawin", "Poblacion",
          "San Roque", "Santulan", "Timalan Balsahan", "Timalan Concepcion",
          "Wawa Ibaba", "Wawa Ilaya"
        ]
      },
      "Noveleta": {
        "code": "042119",
        "zipCode": "4105",
        "barangays": [
          "Barangay I (Pob.)", "Barangay II (Pob.)", "Barangay III (Pob.)",
          "Barangay IV (Pob.)", "Barangay V (Pob.)", "Barangay VI (Pob.)",
          "Barangay VII (Pob.)", "Barangay VIII (Pob.)", "Barangay IX (Pob.)",
          "Barangay X (Pob.)", "Barangay XI (Pob.)", "Barangay XII (Pob.)",
          "Barangay XIII (Pob.)", "Barangay XIV (Pob.)", "Barangay XV (Pob.)",
          "Barangay XVI (Pob.)", "Dalahican", "Mahabang Parang", "San Antonio",
          "San Juan I (Pob.)", "San Juan II"
        ]
      },
      "Rosario": {
        "code": "042120",
        "zipCode": "4106",
        "barangays": [
          "Alima", "Kanluran", "Ligtong I", "Ligtong II", "Ligtong III", "Ligtong IV",
          "Mulawin", "Poblacion", "Sapa I", "Sapa II", "Sapa III", "Silangan I",
          "Silangan II", "Tejeros Convention", "Wawa I", "Wawa II"
        ]
      },
      "Silang": {
        "code": "042121",
        "zipCode": "4118",
        "barangays": [
          "Acacia", "Adlas", "Anahaw I", "Anahaw II", "Balayong", "Biga I", "Biga II",
          "Bilog", "Bucal", "Bulihan", "Carmen", "Datu Esmael (Pob.)", "Gumalang",
          "Hukay", "Kaong", "Lalaan I", "Lalaan II", "Lallana", "Lipa",
          "Lumil", "Maguyam", "Malabag", "Mamatid", "Mamplasan", "Mataas na Burol",
          "Munting Ilog", "Narra I", "Narra II", "Pook", "Pooc I", "Pooc II",
          "Pooc III", "Poblacion", "Pulong Buhangin", "Pulong Saging",
          "Sabutan", "Santol", "Tarcan", "Tibig", "Tipakan", "Tubigan",
          "Ulat", "Yayang"
        ]
      },
      "Tanza": {
        "code": "042124",
        "zipCode": "4108",
        "barangays": [
          "Amaya I", "Amaya II", "Amaya III", "Amaya IV", "Amaya V", "Amaya VI",
          "Amaya VII", "Amaya VIII", "Amaya IX", "Amaya X", "Bagtas", "Barangay I (Pob.)",
          "Barangay II (Pob.)", "Barangay III (Pob.)", "Barangay IV (Pob.)",
          "Biga", "Bucandala I", "Bucandala II", "Bucandala III", "Bucandala IV",
          "Bucandala V", "Capipisa", "Daang Amaya I", "Daang Amaya II", "Daang Amaya III",
          "Halayhay", "Julugan I", "Julugan II", "Julugan III", "Julugan IV",
          "Julugan V", "Julugan VI", "Julugan VII", "Julugan VIII", "Lambingan",
          "Muzon I", "Muzon II", "Muzon III", "Pag-asa", "Paradahan I",
          "Paradahan II", "Poblacion", "Sahud-Ulan", "Tres Cruces"
        ]
      },
      "Ternate": {
        "code": "042125",
        "zipCode": "4111",
        "barangays": [
          "Barangay I (Pob.)", "Barangay II (Pob.)", "Barangay III (Pob.)",
          "Barangay IV (Pob.)", "Barangay V (Pob.)", "Barangay VI (Pob.)",
          "Barangay VII (Pob.)", "Barangay VIII (Pob.)", "Barangay IX (Pob.)",
          "Barangay X (Pob.)", "Barangay XI (Pob.)", "Barangay XII (Pob.)",
          "Barangay XIII (Pob.)", "Barangay XIV (Pob.)", "Barangay XV (Pob.)",
          "Barangay XVI (Pob.)", "Bucana", "San Jose", "San Juan", "Sapang"
        ]
      }
    }
  }
}